atm_id,toplam,anom,pct
1,351,43,12.3
2,253,28,11.1
3,278,44,15.8
4,355,46,13.0
5,348,46,13.2
6,360,44,12.2
7,346,54,15.6
8,356,44,12.4
9,363,47,12.9
10,360,44,12.2
11,339,52,15.3
12,357,45,12.6
13,363,42,11.6
14,161,22,13.7
15,365,46,12.6
16,364,33,9.1
17,353,48,13.6
18,336,54,16.1
19,355,48,13.5
20,356,42,11.8
21,361,45,12.5
22,362,44,12.2
23,359,45,12.5
24,360,35,9.7
25,355,52,14.6
26,358,55,15.4
27,364,60,16.5
28,361,45,12.5
29,357,46,12.9
30,349,53,15.2
31,363,52,14.3
32,356,47,13.2
33,344,53,15.4
34,349,36,10.3
35,345,38,11.0
36,353,55,15.6
37,364,55,15.1
38,354,49,13.8
39,349,51,14.6
40,360,56,15.6
41,356,51,14.3
42,362,50,13.8
43,365,45,12.3
44,329,47,14.3
45,321,33,10.3
46,353,56,15.9
47,343,45,13.1
48,351,48,13.7
49,335,47,14.0
50,337,48,14.2
51,355,47,13.2
52,356,40,11.2
53,333,41,12.3
54,364,51,14.0
55,363,47,12.9
56,362,49,13.5
57,347,45,13.0
58,362,55,15.2
59,245,42,17.1
60,363,54,14.9
61,347,50,14.4
62,362,41,11.3
63,361,53,14.7
64,352,51,14.5
65,359,46,12.8
66,356,42,11.8
67,340,42,12.4
68,358,51,14.2
69,351,40,11.4
70,361,47,13.0
71,362,49,13.5
72,359,64,17.8
73,335,37,11.0
74,363,55,15.2
75,355,50,14.1
76,221,38,17.2
77,201,25,12.4
78,357,45,12.6
79,360,58,16.1
80,360,42,11.7
81,172,18,10.5
82,227,32,14.1
83,355,41,11.5
84,343,49,14.3
85,336,38,11.3
86,233,44,18.9
87,326,47,14.4
88,220,23,10.5
89,81,8,9.9
90,165,20,12.1
91,266,46,17.3
92,235,25,10.6
93,249,26,10.4
94,250,25,10.0
95,31,2,6.5
96,69,17,24.6
97,113,18,15.9
98,20,1,5.0
99,88,15,17.0
100,248,27,10.9
101,342,40,11.7
102,232,23,9.9
103,276,48,17.4
104,249,28,11.2
105,244,24,9.8
106,148,14,9.5
107,54,10,18.5
108,112,19,17.0
109,113,22,19.5
110,91,7,7.7
111,25,6,24.0
112,13,1,7.7
113,6,0,0.0
