min_txn,valid_days,excluded_days,excl_pct,z_anom,z_anom_pct,median_top10_maxz,p95_maxz,max_maxz,top10_txn_median,top10_txn_min,atm15_anom,atm15_z,delta_med,delta_pct_z
3,35102,386,1.0876916140667268,4625,13.175887413822574,24.8033339722693,3.307545869135399,47.073993781275156,5.0,3,True,3.881473837260041,,
4,34832,656,1.848512173128945,4601,13.209118052365639,23.680945566053282,3.2989476799537663,38.03575596050149,5.0,4,True,3.881473837260041,1.122388406216018,0.03323063854306518
5,34534,954,2.688232642019838,4582,13.268083627729194,22.757842349849565,3.293739123094026,38.03575596050149,6.5,5,True,3.881473837260041,0.9231032162037174,0.058965575363554734
6,34195,1293,3.6434851217312896,4546,13.294341277964614,19.07865536255673,3.2832689482298463,23.643902685158114,7.5,6,True,3.881473837260041,3.6791869872928338,0.02625765023542037
7,33847,1641,4.6240982867448155,4503,13.303985582178626,18.562875143394585,3.2772939591330847,31.205158303746945,8.0,7,True,3.881473837260041,0.5157802191621457,0.009644304214011967
8,33496,1992,5.613165013525699,4475,13.359804155720086,16.673684953215158,3.2733137254230944,19.122087076131937,18.5,8,True,3.881473837260041,1.889190190179427,0.055818573541460026
9,33128,2360,6.650135256988278,4419,13.339169282781938,15.913207510293873,3.2756872051835635,19.122087076131937,21.0,11,True,3.881473837260041,0.7604774429212853,0.020634872938147808
10,32741,2747,7.740644724977456,4392,13.414373415595126,15.584971089901572,3.2758116439321383,19.122087076131937,19.5,11,True,3.881473837260041,0.32823642039230094,0.07520413281318739
11,32334,3154,8.88751127141569,4322,13.366734706500896,15.584971089901462,3.2733395249462807,19.122087076131937,19.5,11,True,3.881473837260041,1.1013412404281553e-13,0.047638709094229625
12,31941,3547,9.994927862939585,4296,13.44979806518268,15.080182850033319,3.2758116439321383,19.122087076131937,21.5,12,True,3.881473837260041,0.5047882398681427,0.08306335868178394
13,31556,3932,11.07980162308386,4255,13.48396501457726,15.080182850033319,3.2746170114440507,19.122087076131958,21.5,13,True,3.881473837260041,0.0,0.03416694939457976
14,31154,4334,12.212578899909829,4209,13.510303652821468,14.80998399349694,3.2704050134329887,19.122087076131958,21.5,17,True,3.881473837260041,0.27019885653637843,0.026338638244208568
15,30717,4771,13.44398106402164,4168,13.569033434254646,14.80998399349694,3.2758925908430476,19.122087076131958,23.0,17,True,3.881473837260041,0.0,0.05872978143317731
16,30237,5251,14.796550946798916,4095,13.543010219267785,15.080182850033319,3.2704755134053825,20.320908450596836,23.0,17,True,3.881473837260041,0.27019885653637843,0.026023214986860665
17,29771,5717,16.10967087466186,4028,13.529945248731986,15.080182850033319,3.260544654924269,20.320908450596836,22.0,17,True,3.881473837260041,0.0,0.013064970535799247
18,29304,6184,17.42560865644725,3990,13.615888615888617,14.80998399349694,3.2631566295397345,20.320908450596836,22.0,18,True,3.881473837260041,0.27019885653637843,0.08594336715663076
19,28824,6664,18.778178539224527,3920,13.599777962808771,14.80998399349694,3.2566936137292246,20.320908450596836,22.0,19,True,3.881473837260041,0.0,0.016110653079845605
20,28303,7185,20.24628043282236,3838,13.560399957601668,14.809983993496887,3.256732945649169,20.320908450596836,23.0,20,True,3.881473837260041,5.3290705182007514e-14,0.03937800520710333
21,27802,7686,21.658025247971143,3755,13.506222573915547,14.869766905334812,3.256442521328841,20.320908450596836,24.0,21,True,3.881473837260041,0.0597829118379245,0.05417738368612035
22,27269,8219,23.159941388638412,3668,13.451171660126885,14.290472151965375,3.248746691303536,19.122087076131937,24.0,23,True,3.881473837260041,0.579294753369437,0.055050913788662115
23,26737,8751,24.65903967538323,3620,13.539290122302427,14.869766905334812,3.2519568483641734,19.122087076131937,24.0,23,True,3.881473837260041,0.579294753369437,0.08811846217554198
24,26131,9357,26.366659152389538,3545,13.566262293827256,11.379180477772609,3.2479162131979766,22.045407685048925,30.0,24,True,3.881473837260041,3.490586427562203,0.02697217152482878
25,25542,9946,28.02637511271416,3481,13.628533395975257,10.416237338492774,3.239857047310338,16.370722654241966,30.0,25,True,3.881473837260041,0.9629431392798349,0.062271102148001134
26,25000,10488,29.5536519386835,3426,13.703999999999999,10.222513200698396,3.242140996755099,15.133028301433368,30.0,26,True,3.881473837260041,0.19372413779437814,0.07546660402474181
27,24395,11093,31.258453561767357,3344,13.707726993236319,9.856782953268034,3.2571622713408686,11.365228339798989,36.5,28,True,3.881473837260041,0.36573024743036164,0.0037269932363201974
28,23755,11733,33.061880072137065,3266,13.74868448747632,10.222513200698392,3.26724741473643,11.365228339798989,38.5,28,True,3.881473837260041,0.3657302474303581,0.040957494240000614
29,23130,12358,34.82303877366997,3198,13.826199740596628,9.949038497124,3.2721736327565454,12.506931875873228,36.5,29,True,3.881473837260041,0.27347470357439185,0.07751525312030871
30,22493,12995,36.61801172227232,3142,13.96879029031254,10.247535129157983,3.2752199836115716,12.506931875873363,38.5,31,True,3.881473837260041,0.2984966320339826,0.14259054971591212
